"Method","Variable_set","Mean_AUC_ratio_at_5%","pval_pROC","Valid_iterations","Omission_rate","prevalence_E_space","prevalence_G_space"
"covmat","set_1",1.37090052008091,0,178,0.0555555555555556,0.758462365066185,0.758462365066185
"mve1","set_1",1.33230868818775,0,201,0.0555555555555556,0.749230694084892,0.749230694084892
"covmat","set_2",1.55080139634008,0,185,0.0555555555555556,0.761173252576564,0.761173252576564
"mve1","set_2",1.37812477321511,0,178,0.0555555555555556,0.736677575343135,0.736677575343135
