"Method","Variable_set","Mean_AUC_ratio_at_5%","pval_pROC","Valid_iterations","Omission_rate","prevalence_E_space","prevalence_G_space"
"covmat","set_1",1.22307746698445,0,292,0.037037037037037,0.766023214736311,0.766023214736311
"mve1","set_1",1.23009992074129,0,275,0.037037037037037,0.737194044915468,0.737194044915468
"covmat","set_2",1.28003895516402,0,287,0.037037037037037,0.787124653040626,0.787124653040626
"mve1","set_2",1.25422585668722,0,283,0.037037037037037,0.747602826141812,0.747602826141812
